category,name,count
dataset,samples,541
dataset,instructions,834
instruction_type,change_case:capital_word_frequency,25
instruction_type,change_case:english_capital,25
instruction_type,change_case:english_lowercase,39
instruction_type,combination:repeat_prompt,41
instruction_type,combination:two_responses,24
instruction_type,detectable_content:number_placeholders,27
instruction_type,detectable_content:postscript,26
instruction_type,detectable_format:constrained_response,10
instruction_type,detectable_format:json_format,17
instruction_type,detectable_format:multiple_sections,14
instruction_type,detectable_format:number_bullet_lists,31
instruction_type,detectable_format:number_highlighted_sections,48
instruction_type,detectable_format:title,37
instruction_type,keywords:existence,39
instruction_type,keywords:forbidden_words,49
instruction_type,keywords:frequency,42
instruction_type,keywords:letter_frequency,33
instruction_type,language:response_language,31
instruction_type,length_constraints:nth_paragraph_first_word,12
instruction_type,length_constraints:number_paragraphs,27
instruction_type,length_constraints:number_sentences,52
instruction_type,length_constraints:number_words,52
instruction_type,punctuation:no_comma,66
instruction_type,startend:end_checker,26
instruction_type,startend:quotation,41
instructions_per_prompt,1,305
instructions_per_prompt,2,179
instructions_per_prompt,3,57
sample_group,single_instruction,305
sample_group,multi_instruction,236
