sample_id,instruction_count,instruction_types
1000,3,"[""punctuation:no_comma"", ""detectable_format:number_highlighted_sections"", ""length_constraints:number_words""]"
1001,1,"[""punctuation:no_comma""]"
1005,1,"[""detectable_content:number_placeholders""]"
1012,2,"[""combination:repeat_prompt"", ""detectable_format:title""]"
1019,1,"[""change_case:english_lowercase""]"
102,1,"[""detectable_format:number_bullet_lists""]"
1021,2,"[""change_case:english_capital"", ""detectable_format:multiple_sections""]"
1040,3,"[""change_case:capital_word_frequency"", ""change_case:capital_word_frequency"", ""startend:quotation""]"
1051,1,"[""change_case:english_lowercase""]"
1069,3,"[""keywords:existence"", ""length_constraints:number_words"", ""punctuation:no_comma""]"
1072,1,"[""length_constraints:number_words""]"
1075,1,"[""detectable_format:json_format""]"
1082,1,"[""length_constraints:number_paragraphs""]"
1087,1,"[""change_case:english_lowercase""]"
1092,1,"[""length_constraints:number_words""]"
1094,1,"[""detectable_format:json_format""]"
1098,1,"[""combination:two_responses""]"
1107,2,"[""punctuation:no_comma"", ""combination:two_responses""]"
1108,1,"[""language:response_language""]"
1122,2,"[""change_case:english_lowercase"", ""keywords:letter_frequency""]"
1127,2,"[""detectable_format:multiple_sections"", ""startend:end_checker""]"
1128,1,"[""startend:end_checker""]"
1129,2,"[""keywords:letter_frequency"", ""combination:repeat_prompt""]"
1130,1,"[""keywords:letter_frequency""]"
1131,1,"[""detectable_format:multiple_sections""]"
1132,2,"[""change_case:english_capital"", ""keywords:forbidden_words""]"
1137,2,"[""detectable_format:json_format"", ""keywords:forbidden_words""]"
1139,2,"[""combination:repeat_prompt"", ""keywords:existence""]"
1147,1,"[""keywords:forbidden_words""]"
1148,1,"[""detectable_format:json_format""]"
1153,2,"[""change_case:english_lowercase"", ""keywords:frequency""]"
1154,1,"[""language:response_language""]"
1162,1,"[""punctuation:no_comma""]"
1174,3,"[""keywords:letter_frequency"", ""length_constraints:number_sentences"", ""detectable_format:number_highlighted_sections""]"
1180,2,"[""combination:two_responses"", ""detectable_format:title""]"
1187,1,"[""punctuation:no_comma""]"
1203,2,"[""keywords:frequency"", ""keywords:frequency""]"
1216,2,"[""startend:quotation"", ""length_constraints:number_words""]"
1217,1,"[""length_constraints:number_words""]"
1219,3,"[""change_case:english_capital"", ""detectable_content:postscript"", ""keywords:frequency""]"
122,1,"[""startend:quotation""]"
1220,1,"[""startend:end_checker""]"
1233,2,"[""startend:end_checker"", ""keywords:frequency""]"
1236,1,"[""length_constraints:number_paragraphs""]"
1237,2,"[""detectable_format:number_highlighted_sections"", ""keywords:existence""]"
1242,2,"[""detectable_format:json_format"", ""keywords:forbidden_words""]"
1246,1,"[""detectable_content:postscript""]"
1248,1,"[""length_constraints:number_paragraphs""]"
1251,1,"[""length_constraints:number_words""]"
1258,1,"[""length_constraints:number_words""]"
1259,1,"[""language:response_language""]"
1262,2,"[""detectable_format:title"", ""length_constraints:number_sentences""]"
1265,2,"[""keywords:existence"", ""length_constraints:number_sentences""]"
1268,1,"[""length_constraints:number_sentences""]"
127,2,"[""keywords:forbidden_words"", ""keywords:frequency""]"
1281,2,"[""combination:repeat_prompt"", ""keywords:existence""]"
1286,1,"[""detectable_format:number_bullet_lists""]"
1287,2,"[""detectable_format:number_bullet_lists"", ""change_case:english_lowercase""]"
13,1,"[""detectable_format:json_format""]"
1300,3,"[""punctuation:no_comma"", ""keywords:letter_frequency"", ""length_constraints:number_words""]"
1305,2,"[""detectable_content:postscript"", ""detectable_format:number_bullet_lists""]"
1307,1,"[""detectable_format:number_highlighted_sections""]"
1314,2,"[""change_case:capital_word_frequency"", ""change_case:capital_word_frequency""]"
1322,1,"[""detectable_format:title""]"
1325,2,"[""startend:quotation"", ""detectable_format:number_bullet_lists""]"
1332,1,"[""combination:two_responses""]"
1342,3,"[""keywords:frequency"", ""detectable_format:number_highlighted_sections"", ""length_constraints:number_paragraphs""]"
1348,3,"[""punctuation:no_comma"", ""detectable_format:number_highlighted_sections"", ""keywords:existence""]"
136,2,"[""detectable_format:number_bullet_lists"", ""length_constraints:number_words""]"
1361,1,"[""change_case:english_lowercase""]"
1367,1,"[""detectable_content:postscript""]"
1372,1,"[""detectable_content:number_placeholders""]"
1375,2,"[""length_constraints:number_paragraphs"", ""keywords:existence""]"
1377,1,"[""length_constraints:number_paragraphs""]"
1379,3,"[""detectable_format:number_highlighted_sections"", ""keywords:frequency"", ""keywords:existence""]"
1381,1,"[""length_constraints:number_sentences""]"
1389,2,"[""change_case:english_capital"", ""keywords:letter_frequency""]"
1392,3,"[""detectable_format:title"", ""length_constraints:number_sentences"", ""length_constraints:number_words""]"
1393,1,"[""keywords:frequency""]"
1402,2,"[""keywords:letter_frequency"", ""keywords:forbidden_words""]"
1418,3,"[""punctuation:no_comma"", ""length_constraints:number_sentences"", ""length_constraints:number_sentences""]"
142,3,"[""startend:quotation"", ""keywords:frequency"", ""keywords:existence""]"
143,2,"[""length_constraints:number_paragraphs"", ""detectable_content:postscript""]"
1436,2,"[""change_case:english_lowercase"", ""keywords:forbidden_words""]"
1446,1,"[""startend:end_checker""]"
1466,2,"[""startend:quotation"", ""keywords:forbidden_words""]"
1476,2,"[""keywords:forbidden_words"", ""length_constraints:number_sentences""]"
1477,1,"[""language:response_language""]"
1480,1,"[""combination:repeat_prompt""]"
1481,2,"[""detectable_format:multiple_sections"", ""detectable_format:number_bullet_lists""]"
1498,1,"[""keywords:frequency""]"
1508,2,"[""keywords:existence"", ""punctuation:no_comma""]"
1512,2,"[""detectable_content:number_placeholders"", ""punctuation:no_comma""]"
1516,2,"[""change_case:english_lowercase"", ""keywords:existence""]"
1518,1,"[""combination:repeat_prompt""]"
152,2,"[""change_case:english_lowercase"", ""length_constraints:number_words""]"
1531,1,"[""keywords:existence""]"
1535,2,"[""change_case:english_lowercase"", ""length_constraints:number_sentences""]"
1537,1,"[""detectable_content:postscript""]"
1546,2,"[""combination:repeat_prompt"", ""punctuation:no_comma""]"
1548,1,"[""detectable_format:multiple_sections""]"
1551,1,"[""detectable_format:title""]"
1561,2,"[""combination:repeat_prompt"", ""detectable_format:title""]"
1566,1,"[""change_case:english_capital""]"
1571,3,"[""keywords:frequency"", ""change_case:english_lowercase"", ""keywords:existence""]"
1580,1,"[""keywords:forbidden_words""]"
1582,3,"[""combination:two_responses"", ""language:response_language"", ""punctuation:no_comma""]"
1591,1,"[""combination:two_responses""]"
1592,1,"[""change_case:capital_word_frequency""]"
1593,1,"[""change_case:english_lowercase""]"
16,2,"[""detectable_format:title"", ""combination:repeat_prompt""]"
1601,2,"[""detectable_format:number_highlighted_sections"", ""length_constraints:number_words""]"
1609,2,"[""length_constraints:nth_paragraph_first_word"", ""startend:quotation""]"
1619,2,"[""detectable_content:postscript"", ""detectable_content:number_placeholders""]"
1620,1,"[""detectable_content:postscript""]"
1627,3,"[""combination:repeat_prompt"", ""detectable_format:title"", ""punctuation:no_comma""]"
1629,1,"[""keywords:forbidden_words""]"
163,2,"[""startend:quotation"", ""keywords:letter_frequency""]"
1634,1,"[""detectable_format:number_bullet_lists""]"
164,1,"[""length_constraints:number_words""]"
1643,2,"[""punctuation:no_comma"", ""length_constraints:number_words""]"
1644,1,"[""detectable_format:number_highlighted_sections""]"
1645,1,"[""change_case:english_capital""]"
1646,1,"[""detectable_format:number_highlighted_sections""]"
1653,2,"[""change_case:capital_word_frequency"", ""length_constraints:number_sentences""]"
1656,1,"[""combination:repeat_prompt""]"
1658,2,"[""startend:quotation"", ""keywords:existence""]"
1659,1,"[""startend:end_checker""]"
1667,1,"[""change_case:english_lowercase""]"
167,1,"[""detectable_format:number_highlighted_sections""]"
1670,3,"[""startend:quotation"", ""length_constraints:number_paragraphs"", ""change_case:capital_word_frequency""]"
1675,1,"[""keywords:forbidden_words""]"
168,1,"[""detectable_format:number_highlighted_sections""]"
1686,1,"[""combination:repeat_prompt""]"
1691,2,"[""detectable_format:json_format"", ""keywords:forbidden_words""]"
1705,2,"[""detectable_content:postscript"", ""startend:end_checker""]"
1713,2,"[""keywords:frequency"", ""detectable_format:number_highlighted_sections""]"
1730,2,"[""startend:quotation"", ""detectable_format:multiple_sections""]"
1733,1,"[""keywords:frequency""]"
1738,1,"[""punctuation:no_comma""]"
1739,2,"[""punctuation:no_comma"", ""language:response_language""]"
1746,1,"[""combination:two_responses""]"
1759,1,"[""detectable_content:postscript""]"
1773,1,"[""detectable_format:number_highlighted_sections""]"
1776,1,"[""startend:quotation""]"
1779,2,"[""change_case:english_capital"", ""keywords:existence""]"
1781,2,"[""length_constraints:number_words"", ""change_case:english_lowercase""]"
179,1,"[""length_constraints:number_sentences""]"
1793,2,"[""combination:two_responses"", ""length_constraints:number_words""]"
1800,1,"[""detectable_content:postscript""]"
1802,1,"[""detectable_format:title""]"
181,1,"[""length_constraints:nth_paragraph_first_word""]"
1813,2,"[""change_case:english_capital"", ""length_constraints:number_words""]"
1823,2,"[""detectable_format:number_highlighted_sections"", ""length_constraints:number_sentences""]"
1825,3,"[""punctuation:no_comma"", ""detectable_content:postscript"", ""keywords:existence""]"
1834,2,"[""length_constraints:number_sentences"", ""change_case:capital_word_frequency""]"
1837,2,"[""length_constraints:number_sentences"", ""length_constraints:number_sentences""]"
1843,2,"[""change_case:english_lowercase"", ""startend:quotation""]"
1845,2,"[""keywords:existence"", ""length_constraints:number_paragraphs""]"
1857,1,"[""keywords:frequency""]"
1858,1,"[""length_constraints:number_paragraphs""]"
1879,2,"[""length_constraints:number_sentences"", ""length_constraints:number_words""]"
1880,2,"[""keywords:letter_frequency"", ""length_constraints:number_words""]"
1883,2,"[""keywords:letter_frequency"", ""length_constraints:number_paragraphs""]"
1886,1,"[""detectable_format:number_highlighted_sections""]"
1893,1,"[""startend:end_checker""]"
1897,2,"[""detectable_format:number_highlighted_sections"", ""punctuation:no_comma""]"
19,2,"[""length_constraints:number_words"", ""length_constraints:number_words""]"
1902,1,"[""startend:end_checker""]"
1906,1,"[""combination:repeat_prompt""]"
1908,3,"[""length_constraints:number_sentences"", ""detectable_format:number_bullet_lists"", ""detectable_content:number_placeholders""]"
1922,1,"[""combination:repeat_prompt""]"
1927,1,"[""detectable_content:number_placeholders""]"
1928,3,"[""detectable_format:title"", ""punctuation:no_comma"", ""keywords:frequency""]"
1934,1,"[""detectable_format:number_bullet_lists""]"
1936,2,"[""keywords:forbidden_words"", ""detectable_format:number_bullet_lists""]"
1939,1,"[""startend:end_checker""]"
1943,2,"[""length_constraints:number_paragraphs"", ""startend:end_checker""]"
1944,2,"[""punctuation:no_comma"", ""combination:repeat_prompt""]"
1954,1,"[""length_constraints:nth_paragraph_first_word""]"
1964,2,"[""keywords:letter_frequency"", ""length_constraints:number_words""]"
1967,2,"[""change_case:english_lowercase"", ""length_constraints:number_sentences""]"
1980,3,"[""length_constraints:number_words"", ""detectable_format:number_bullet_lists"", ""detectable_content:postscript""]"
1996,1,"[""change_case:capital_word_frequency""]"
1999,1,"[""change_case:english_capital""]"
201,1,"[""keywords:letter_frequency""]"
2010,1,"[""startend:quotation""]"
2015,1,"[""startend:quotation""]"
202,1,"[""change_case:english_lowercase""]"
2023,1,"[""detectable_format:multiple_sections""]"
2028,1,"[""keywords:forbidden_words""]"
2034,1,"[""keywords:forbidden_words""]"
2035,3,"[""detectable_format:number_highlighted_sections"", ""startend:quotation"", ""length_constraints:number_sentences""]"
2041,2,"[""length_constraints:number_sentences"", ""keywords:forbidden_words""]"
2063,2,"[""combination:repeat_prompt"", ""punctuation:no_comma""]"
2069,2,"[""length_constraints:number_words"", ""length_constraints:number_words""]"
2070,1,"[""detectable_content:postscript""]"
2071,1,"[""combination:repeat_prompt""]"
2078,1,"[""detectable_format:number_bullet_lists""]"
2084,2,"[""keywords:frequency"", ""keywords:forbidden_words""]"
209,1,"[""length_constraints:number_words""]"
2097,1,"[""detectable_format:title""]"
2100,2,"[""detectable_format:number_bullet_lists"", ""change_case:english_lowercase""]"
2107,1,"[""keywords:letter_frequency""]"
2118,2,"[""length_constraints:number_paragraphs"", ""detectable_format:number_bullet_lists""]"
2136,1,"[""detectable_content:number_placeholders""]"
2139,2,"[""length_constraints:number_sentences"", ""keywords:existence""]"
2142,1,"[""keywords:frequency""]"
2143,2,"[""keywords:forbidden_words"", ""length_constraints:number_sentences""]"
2162,2,"[""length_constraints:number_sentences"", ""detectable_content:number_placeholders""]"
2164,1,"[""detectable_content:number_placeholders""]"
2169,2,"[""keywords:letter_frequency"", ""keywords:existence""]"
218,2,"[""detectable_content:number_placeholders"", ""change_case:english_lowercase""]"
2180,2,"[""change_case:capital_word_frequency"", ""length_constraints:number_paragraphs""]"
219,1,"[""startend:quotation""]"
2192,1,"[""combination:repeat_prompt""]"
2195,1,"[""detectable_format:number_bullet_lists""]"
2207,1,"[""keywords:forbidden_words""]"
2209,1,"[""startend:quotation""]"
2215,1,"[""length_constraints:nth_paragraph_first_word""]"
2216,3,"[""change_case:english_lowercase"", ""punctuation:no_comma"", ""detectable_content:postscript""]"
2225,1,"[""language:response_language""]"
2229,1,"[""detectable_format:title""]"
2230,2,"[""punctuation:no_comma"", ""detectable_format:number_highlighted_sections""]"
2239,1,"[""startend:quotation""]"
2243,1,"[""length_constraints:number_words""]"
2245,1,"[""punctuation:no_comma""]"
2246,3,"[""length_constraints:number_words"", ""keywords:frequency"", ""detectable_content:number_placeholders""]"
2247,1,"[""change_case:english_capital""]"
2250,1,"[""length_constraints:nth_paragraph_first_word""]"
2253,1,"[""detectable_format:number_highlighted_sections""]"
2265,1,"[""keywords:letter_frequency""]"
2266,1,"[""length_constraints:number_sentences""]"
2268,1,"[""startend:end_checker""]"
227,1,"[""detectable_format:constrained_response""]"
2273,1,"[""detectable_content:postscript""]"
2275,3,"[""change_case:capital_word_frequency"", ""punctuation:no_comma"", ""keywords:frequency""]"
2284,3,"[""length_constraints:number_words"", ""detectable_content:number_placeholders"", ""detectable_format:number_bullet_lists""]"
2292,1,"[""keywords:frequency""]"
2299,1,"[""language:response_language""]"
2303,2,"[""startend:quotation"", ""length_constraints:number_sentences""]"
2304,1,"[""detectable_content:number_placeholders""]"
2305,2,"[""combination:repeat_prompt"", ""detectable_format:title""]"
2309,1,"[""language:response_language""]"
2311,1,"[""punctuation:no_comma""]"
2314,1,"[""detectable_format:number_bullet_lists""]"
2323,1,"[""length_constraints:number_words""]"
2324,1,"[""punctuation:no_comma""]"
2328,1,"[""keywords:forbidden_words""]"
2337,2,"[""combination:repeat_prompt"", ""punctuation:no_comma""]"
2341,1,"[""change_case:english_capital""]"
2350,1,"[""keywords:letter_frequency""]"
2355,1,"[""combination:repeat_prompt""]"
2357,1,"[""length_constraints:number_paragraphs""]"
2359,1,"[""combination:repeat_prompt""]"
2362,1,"[""detectable_content:postscript""]"
2372,2,"[""detectable_format:number_highlighted_sections"", ""change_case:english_lowercase""]"
2374,1,"[""punctuation:no_comma""]"
2380,2,"[""detectable_format:number_bullet_lists"", ""punctuation:no_comma""]"
2381,1,"[""detectable_format:number_highlighted_sections""]"
2383,1,"[""combination:two_responses""]"
2386,2,"[""length_constraints:number_paragraphs"", ""keywords:frequency""]"
2391,2,"[""length_constraints:number_words"", ""change_case:english_lowercase""]"
2392,1,"[""keywords:frequency""]"
2395,2,"[""detectable_format:json_format"", ""keywords:forbidden_words""]"
2396,1,"[""detectable_content:postscript""]"
2398,1,"[""startend:end_checker""]"
24,1,"[""change_case:english_capital""]"
240,1,"[""language:response_language""]"
2404,1,"[""detectable_format:json_format""]"
2416,3,"[""length_constraints:number_words"", ""keywords:letter_frequency"", ""change_case:english_capital""]"
2417,1,"[""punctuation:no_comma""]"
2422,2,"[""change_case:english_capital"", ""detectable_format:title""]"
2432,1,"[""keywords:forbidden_words""]"
2436,2,"[""combination:two_responses"", ""punctuation:no_comma""]"
2439,3,"[""punctuation:no_comma"", ""length_constraints:nth_paragraph_first_word"", ""detectable_content:number_placeholders""]"
2441,1,"[""startend:quotation""]"
2447,1,"[""keywords:letter_frequency""]"
2449,2,"[""punctuation:no_comma"", ""keywords:letter_frequency""]"
2457,1,"[""detectable_format:number_bullet_lists""]"
2464,1,"[""language:response_language""]"
2465,1,"[""combination:repeat_prompt""]"
2467,1,"[""length_constraints:number_paragraphs""]"
247,1,"[""combination:two_responses""]"
2471,2,"[""keywords:forbidden_words"", ""detectable_content:number_placeholders""]"
2475,1,"[""startend:end_checker""]"
2482,1,"[""combination:repeat_prompt""]"
2485,1,"[""keywords:existence""]"
2497,2,"[""detectable_format:number_highlighted_sections"", ""startend:quotation""]"
2505,1,"[""startend:end_checker""]"
251,1,"[""keywords:letter_frequency""]"
2515,1,"[""detectable_format:number_highlighted_sections""]"
2517,1,"[""change_case:english_lowercase""]"
2531,1,"[""change_case:english_lowercase""]"
2532,1,"[""startend:quotation""]"
2534,1,"[""keywords:forbidden_words""]"
2549,3,"[""length_constraints:nth_paragraph_first_word"", ""keywords:existence"", ""detectable_content:postscript""]"
2563,1,"[""change_case:english_capital""]"
2567,1,"[""keywords:existence""]"
2571,3,"[""change_case:english_capital"", ""punctuation:no_comma"", ""length_constraints:number_sentences""]"
2577,2,"[""combination:two_responses"", ""keywords:forbidden_words""]"
2583,2,"[""keywords:frequency"", ""punctuation:no_comma""]"
2585,1,"[""combination:repeat_prompt""]"
2589,1,"[""length_constraints:number_sentences""]"
2590,1,"[""length_constraints:nth_paragraph_first_word""]"
2591,2,"[""detectable_format:json_format"", ""keywords:existence""]"
2596,3,"[""combination:two_responses"", ""language:response_language"", ""punctuation:no_comma""]"
260,2,"[""keywords:existence"", ""length_constraints:number_words""]"
2602,1,"[""keywords:existence""]"
2605,2,"[""startend:quotation"", ""keywords:letter_frequency""]"
2616,2,"[""detectable_format:number_highlighted_sections"", ""keywords:frequency""]"
2617,1,"[""length_constraints:number_sentences""]"
2622,1,"[""detectable_content:postscript""]"
2628,1,"[""detectable_content:postscript""]"
2637,2,"[""detectable_format:multiple_sections"", ""length_constraints:number_sentences""]"
2649,2,"[""detectable_format:json_format"", ""keywords:forbidden_words""]"
2653,2,"[""keywords:letter_frequency"", ""detectable_format:number_bullet_lists""]"
2662,1,"[""keywords:existence""]"
2667,1,"[""detectable_format:number_bullet_lists""]"
2674,1,"[""length_constraints:number_sentences""]"
2677,1,"[""startend:end_checker""]"
2683,3,"[""combination:two_responses"", ""detectable_format:title"", ""keywords:existence""]"
2685,1,"[""language:response_language""]"
2691,1,"[""startend:quotation""]"
2704,3,"[""combination:two_responses"", ""detectable_format:title"", ""punctuation:no_comma""]"
2713,2,"[""combination:repeat_prompt"", ""punctuation:no_comma""]"
2716,1,"[""keywords:frequency""]"
2724,2,"[""language:response_language"", ""startend:quotation""]"
2728,1,"[""change_case:english_lowercase""]"
2736,2,"[""change_case:english_capital"", ""startend:end_checker""]"
2739,2,"[""combination:repeat_prompt"", ""punctuation:no_comma""]"
2749,1,"[""length_constraints:number_sentences""]"
2751,2,"[""length_constraints:number_words"", ""startend:quotation""]"
2752,1,"[""detectable_format:number_highlighted_sections""]"
2759,1,"[""detectable_format:number_highlighted_sections""]"
2765,2,"[""change_case:english_lowercase"", ""detectable_content:number_placeholders""]"
2768,1,"[""keywords:letter_frequency""]"
2779,1,"[""keywords:letter_frequency""]"
2780,1,"[""length_constraints:number_sentences""]"
2785,2,"[""detectable_format:number_highlighted_sections"", ""detectable_content:number_placeholders""]"
2787,2,"[""keywords:letter_frequency"", ""length_constraints:number_sentences""]"
279,3,"[""change_case:english_lowercase"", ""keywords:letter_frequency"", ""detectable_format:title""]"
2790,1,"[""detectable_format:number_highlighted_sections""]"
2798,1,"[""punctuation:no_comma""]"
2801,1,"[""detectable_format:number_bullet_lists""]"
2807,1,"[""detectable_format:title""]"
281,1,"[""startend:quotation""]"
2811,1,"[""keywords:forbidden_words""]"
2817,1,"[""change_case:english_lowercase""]"
2820,1,"[""change_case:capital_word_frequency""]"
2825,1,"[""punctuation:no_comma""]"
2828,1,"[""keywords:forbidden_words""]"
2829,1,"[""startend:quotation""]"
2832,1,"[""detectable_format:number_bullet_lists""]"
2844,2,"[""detectable_format:number_highlighted_sections"", ""length_constraints:number_words""]"
2849,1,"[""change_case:capital_word_frequency""]"
2853,2,"[""change_case:capital_word_frequency"", ""detectable_format:title""]"
2857,1,"[""detectable_format:json_format""]"
2859,1,"[""length_constraints:number_sentences""]"
286,2,"[""startend:end_checker"", ""length_constraints:number_sentences""]"
2870,1,"[""change_case:capital_word_frequency""]"
2871,1,"[""keywords:frequency""]"
288,1,"[""combination:repeat_prompt""]"
2880,1,"[""length_constraints:nth_paragraph_first_word""]"
2887,2,"[""detectable_format:title"", ""keywords:letter_frequency""]"
2889,2,"[""startend:quotation"", ""detectable_format:multiple_sections""]"
2904,1,"[""combination:repeat_prompt""]"
2905,1,"[""detectable_format:number_highlighted_sections""]"
2908,2,"[""detectable_content:postscript"", ""change_case:english_capital""]"
2909,2,"[""detectable_format:number_highlighted_sections"", ""length_constraints:number_words""]"
2912,2,"[""combination:two_responses"", ""keywords:letter_frequency""]"
2918,1,"[""combination:two_responses""]"
292,1,"[""length_constraints:number_sentences""]"
2921,1,"[""length_constraints:number_paragraphs""]"
2925,1,"[""detectable_format:multiple_sections""]"
2929,1,"[""detectable_content:postscript""]"
2941,1,"[""length_constraints:number_paragraphs""]"
2943,3,"[""keywords:frequency"", ""change_case:english_lowercase"", ""length_constraints:number_paragraphs""]"
295,1,"[""detectable_format:title""]"
2957,1,"[""keywords:forbidden_words""]"
296,3,"[""keywords:frequency"", ""change_case:english_lowercase"", ""length_constraints:number_words""]"
2969,1,"[""detectable_format:title""]"
2977,1,"[""length_constraints:number_paragraphs""]"
2985,1,"[""startend:quotation""]"
2997,1,"[""keywords:frequency""]"
30,3,"[""startend:quotation"", ""length_constraints:number_words"", ""startend:quotation""]"
3001,1,"[""startend:end_checker""]"
301,1,"[""keywords:forbidden_words""]"
3025,1,"[""detectable_format:number_bullet_lists""]"
3035,2,"[""detectable_content:number_placeholders"", ""change_case:english_lowercase""]"
3041,2,"[""length_constraints:number_sentences"", ""detectable_format:number_bullet_lists""]"
3048,1,"[""startend:end_checker""]"
3057,1,"[""detectable_format:title""]"
3063,2,"[""length_constraints:number_paragraphs"", ""language:response_language""]"
3069,3,"[""detectable_format:number_bullet_lists"", ""change_case:english_lowercase"", ""detectable_content:postscript""]"
3071,1,"[""detectable_format:number_highlighted_sections""]"
3073,1,"[""length_constraints:nth_paragraph_first_word""]"
3079,1,"[""startend:end_checker""]"
3081,1,"[""keywords:forbidden_words""]"
3084,2,"[""punctuation:no_comma"", ""startend:end_checker""]"
3089,3,"[""detectable_format:number_highlighted_sections"", ""length_constraints:number_sentences"", ""length_constraints:number_sentences""]"
3091,1,"[""keywords:frequency""]"
3098,3,"[""detectable_format:number_bullet_lists"", ""length_constraints:number_paragraphs"", ""change_case:capital_word_frequency""]"
3109,1,"[""keywords:frequency""]"
3112,1,"[""language:response_language""]"
3114,3,"[""length_constraints:number_words"", ""keywords:forbidden_words"", ""startend:end_checker""]"
3126,1,"[""detectable_content:number_placeholders""]"
3130,1,"[""language:response_language""]"
3131,2,"[""detectable_format:title"", ""detectable_content:postscript""]"
3150,1,"[""change_case:english_lowercase""]"
3156,1,"[""keywords:existence""]"
3166,1,"[""keywords:forbidden_words""]"
3186,1,"[""change_case:english_capital""]"
3188,3,"[""change_case:capital_word_frequency"", ""change_case:capital_word_frequency"", ""keywords:frequency""]"
3191,1,"[""language:response_language""]"
3195,3,"[""keywords:letter_frequency"", ""punctuation:no_comma"", ""language:response_language""]"
3198,1,"[""startend:end_checker""]"
32,1,"[""punctuation:no_comma""]"
3203,1,"[""startend:end_checker""]"
3204,2,"[""punctuation:no_comma"", ""change_case:english_capital""]"
321,1,"[""detectable_format:json_format""]"
322,1,"[""combination:two_responses""]"
3221,1,"[""detectable_content:number_placeholders""]"
3223,1,"[""detectable_format:json_format""]"
3224,1,"[""combination:repeat_prompt""]"
3241,1,"[""language:response_language""]"
3243,2,"[""detectable_format:number_highlighted_sections"", ""length_constraints:number_words""]"
3245,2,"[""punctuation:no_comma"", ""detectable_content:number_placeholders""]"
3256,3,"[""length_constraints:number_sentences"", ""detectable_format:title"", ""punctuation:no_comma""]"
3263,1,"[""combination:two_responses""]"
3272,3,"[""combination:repeat_prompt"", ""detectable_format:title"", ""keywords:frequency""]"
3276,3,"[""change_case:english_capital"", ""length_constraints:number_sentences"", ""length_constraints:number_sentences""]"
3280,1,"[""detectable_content:number_placeholders""]"
3281,2,"[""combination:two_responses"", ""punctuation:no_comma""]"
3287,2,"[""combination:two_responses"", ""length_constraints:number_words""]"
3294,2,"[""length_constraints:number_paragraphs"", ""startend:quotation""]"
3305,3,"[""language:response_language"", ""combination:repeat_prompt"", ""keywords:existence""]"
331,2,"[""change_case:capital_word_frequency"", ""punctuation:no_comma""]"
3311,3,"[""language:response_language"", ""detectable_format:title"", ""keywords:existence""]"
3315,2,"[""length_constraints:number_paragraphs"", ""keywords:forbidden_words""]"
332,2,"[""combination:repeat_prompt"", ""length_constraints:number_words""]"
3323,1,"[""punctuation:no_comma""]"
3324,2,"[""combination:two_responses"", ""detectable_format:multiple_sections""]"
3326,2,"[""keywords:letter_frequency"", ""keywords:forbidden_words""]"
3327,3,"[""keywords:existence"", ""keywords:frequency"", ""keywords:frequency""]"
3329,1,"[""length_constraints:number_sentences""]"
3335,3,"[""combination:two_responses"", ""language:response_language"", ""punctuation:no_comma""]"
334,2,"[""startend:quotation"", ""detectable_format:number_bullet_lists""]"
3345,3,"[""keywords:frequency"", ""detectable_format:number_bullet_lists"", ""keywords:forbidden_words""]"
3350,2,"[""punctuation:no_comma"", ""detectable_content:number_placeholders""]"
3351,2,"[""length_constraints:number_paragraphs"", ""detectable_format:number_highlighted_sections""]"
3362,2,"[""length_constraints:number_sentences"", ""keywords:forbidden_words""]"
3367,2,"[""startend:quotation"", ""detectable_format:multiple_sections""]"
3369,2,"[""combination:repeat_prompt"", ""keywords:frequency""]"
337,2,"[""length_constraints:number_words"", ""detectable_format:title""]"
3371,3,"[""combination:repeat_prompt"", ""keywords:existence"", ""keywords:forbidden_words""]"
3376,2,"[""keywords:existence"", ""punctuation:no_comma""]"
3380,2,"[""change_case:english_lowercase"", ""keywords:existence""]"
3386,2,"[""keywords:forbidden_words"", ""keywords:existence""]"
340,2,"[""detectable_format:number_highlighted_sections"", ""length_constraints:number_words""]"
3401,1,"[""keywords:forbidden_words""]"
3407,2,"[""change_case:capital_word_frequency"", ""change_case:capital_word_frequency""]"
3409,2,"[""startend:quotation"", ""detectable_format:number_highlighted_sections""]"
3414,2,"[""change_case:capital_word_frequency"", ""change_case:capital_word_frequency""]"
3415,3,"[""length_constraints:number_words"", ""keywords:frequency"", ""keywords:frequency""]"
3424,1,"[""change_case:english_capital""]"
3425,1,"[""length_constraints:number_words""]"
3428,1,"[""keywords:letter_frequency""]"
3429,2,"[""detectable_format:multiple_sections"", ""length_constraints:number_sentences""]"
343,1,"[""length_constraints:number_words""]"
3434,2,"[""change_case:english_lowercase"", ""length_constraints:nth_paragraph_first_word""]"
3439,1,"[""keywords:existence""]"
3442,2,"[""length_constraints:number_words"", ""detectable_format:title""]"
3445,1,"[""keywords:forbidden_words""]"
3453,1,"[""detectable_format:number_highlighted_sections""]"
3455,1,"[""change_case:capital_word_frequency""]"
3456,2,"[""detectable_format:number_highlighted_sections"", ""change_case:english_capital""]"
3478,1,"[""keywords:letter_frequency""]"
3479,2,"[""keywords:forbidden_words"", ""punctuation:no_comma""]"
3484,1,"[""combination:repeat_prompt""]"
349,2,"[""detectable_format:number_highlighted_sections"", ""length_constraints:number_words""]"
3494,2,"[""detectable_content:number_placeholders"", ""language:response_language""]"
3502,2,"[""language:response_language"", ""detectable_format:title""]"
3505,2,"[""punctuation:no_comma"", ""combination:repeat_prompt""]"
3506,2,"[""detectable_format:json_format"", ""keywords:forbidden_words""]"
3513,1,"[""change_case:capital_word_frequency""]"
3518,2,"[""detectable_format:json_format"", ""keywords:existence""]"
3534,3,"[""change_case:english_lowercase"", ""length_constraints:number_sentences"", ""length_constraints:number_sentences""]"
3536,1,"[""startend:quotation""]"
3538,2,"[""keywords:frequency"", ""length_constraints:number_words""]"
3540,1,"[""punctuation:no_comma""]"
3549,1,"[""detectable_format:number_highlighted_sections""]"
3557,1,"[""detectable_format:number_bullet_lists""]"
3563,1,"[""combination:repeat_prompt""]"
3565,2,"[""keywords:forbidden_words"", ""length_constraints:number_paragraphs""]"
3567,1,"[""language:response_language""]"
3569,2,"[""detectable_format:number_highlighted_sections"", ""length_constraints:number_words""]"
357,1,"[""detectable_format:multiple_sections""]"
3572,1,"[""change_case:english_capital""]"
3595,1,"[""keywords:forbidden_words""]"
3606,1,"[""detectable_format:title""]"
3608,2,"[""keywords:letter_frequency"", ""change_case:english_lowercase""]"
3615,1,"[""punctuation:no_comma""]"
3617,1,"[""change_case:english_capital""]"
3619,2,"[""detectable_content:number_placeholders"", ""punctuation:no_comma""]"
3623,2,"[""startend:quotation"", ""language:response_language""]"
3624,1,"[""length_constraints:nth_paragraph_first_word""]"
3629,1,"[""detectable_format:number_highlighted_sections""]"
3631,1,"[""punctuation:no_comma""]"
3633,2,"[""combination:repeat_prompt"", ""punctuation:no_comma""]"
3644,1,"[""detectable_format:number_highlighted_sections""]"
3653,1,"[""language:response_language""]"
3669,2,"[""punctuation:no_comma"", ""language:response_language""]"
3672,3,"[""startend:quotation"", ""length_constraints:number_sentences"", ""length_constraints:number_sentences""]"
3680,2,"[""keywords:frequency"", ""detectable_format:number_highlighted_sections""]"
3682,1,"[""language:response_language""]"
3690,1,"[""detectable_format:title""]"
3691,2,"[""length_constraints:number_sentences"", ""punctuation:no_comma""]"
3697,1,"[""detectable_format:title""]"
3703,1,"[""change_case:english_lowercase""]"
3709,2,"[""startend:quotation"", ""keywords:forbidden_words""]"
371,2,"[""detectable_format:json_format"", ""keywords:forbidden_words""]"
3710,3,"[""detectable_format:number_highlighted_sections"", ""detectable_format:title"", ""detectable_content:postscript""]"
3718,3,"[""detectable_format:title"", ""combination:repeat_prompt"", ""punctuation:no_comma""]"
3719,1,"[""detectable_format:title""]"
3724,3,"[""detectable_format:number_highlighted_sections"", ""punctuation:no_comma"", ""startend:end_checker""]"
3732,1,"[""keywords:existence""]"
3739,1,"[""length_constraints:number_sentences""]"
374,2,"[""combination:repeat_prompt"", ""keywords:forbidden_words""]"
3743,1,"[""detectable_content:number_placeholders""]"
3744,2,"[""detectable_content:number_placeholders"", ""language:response_language""]"
3748,2,"[""combination:two_responses"", ""keywords:existence""]"
3749,1,"[""detectable_format:constrained_response""]"
3750,1,"[""detectable_format:constrained_response""]"
3751,1,"[""detectable_format:constrained_response""]"
3752,1,"[""detectable_format:constrained_response""]"
3753,1,"[""detectable_format:constrained_response""]"
3754,1,"[""detectable_format:constrained_response""]"
3755,1,"[""detectable_format:constrained_response""]"
3756,1,"[""detectable_format:constrained_response""]"
3757,1,"[""detectable_format:constrained_response""]"
